/*
 Navicat Premium Data Transfer

 Source Server         : localhost_3306
 Source Server Type    : MySQL
 Source Server Version : 80023
 Source Host           : localhost:3306
 Source Schema         : water_manager

 Target Server Type    : MySQL
 Target Server Version : 80023
 File Encoding         : 65001

 Date: 16/05/2022 23:54:08
*/

SET NAMES utf8mb4;
SET FOREIGN_KEY_CHECKS = 0;

-- ----------------------------
-- Table structure for area
-- ----------------------------
DROP TABLE IF EXISTS `area`;
CREATE TABLE `area`  (
  `id` int(0) NOT NULL AUTO_INCREMENT,
  `area_name` varchar(255) CHARACTER SET utf8 COLLATE utf8_general_ci NULL DEFAULT NULL COMMENT '小区名称',
  `longitude` double NULL DEFAULT NULL COMMENT '经度',
  `latitude` double NULL DEFAULT NULL COMMENT '纬度',
  `count_people` int(0) NULL DEFAULT NULL COMMENT '用水户数',
  PRIMARY KEY (`id`) USING BTREE
) ENGINE = InnoDB CHARACTER SET = utf8 COLLATE = utf8_general_ci ROW_FORMAT = Dynamic;

-- ----------------------------
-- Records of area
-- ----------------------------
INSERT INTO `area` VALUES (1, '北京天安门', 116.397428, 39.90923, 15);
INSERT INTO `area` VALUES (2, '北京南站', 116.377687, 39.864314, 26);

-- ----------------------------
-- Table structure for consume
-- ----------------------------
DROP TABLE IF EXISTS `consume`;
CREATE TABLE `consume`  (
  `id` int(0) NOT NULL AUTO_INCREMENT,
  `consume` double NULL DEFAULT NULL COMMENT '用电量',
  `create_time` datetime(0) NULL DEFAULT NULL COMMENT '时间',
  `area_id` int(0) NULL DEFAULT NULL COMMENT '小区id',
  `type` int(0) NULL DEFAULT NULL COMMENT '1用水 2用电 3吨水能耗 4进水 5出水',
  PRIMARY KEY (`id`) USING BTREE
) ENGINE = InnoDB CHARACTER SET = utf8 COLLATE = utf8_general_ci ROW_FORMAT = Dynamic;

-- ----------------------------
-- Records of consume
-- ----------------------------
INSERT INTO `consume` VALUES (625, 1.410850514156174, '2022-05-16 00:00:00', 1, 1);
INSERT INTO `consume` VALUES (626, 1.1330378052679742, '2022-05-16 00:00:00', 1, 2);
INSERT INTO `consume` VALUES (627, 1.0460376815619925, '2022-05-16 00:00:00', 1, 3);
INSERT INTO `consume` VALUES (628, 0.006362747945203151, '2022-05-16 00:30:00', 1, 4);
INSERT INTO `consume` VALUES (629, 0.2655638492737145, '2022-05-16 01:00:00', 1, 5);
INSERT INTO `consume` VALUES (630, 3.8766750148247304, '2022-05-16 01:30:00', 1, 1);
INSERT INTO `consume` VALUES (631, 1.4201709031213292, '2022-05-16 01:30:00', 1, 2);
INSERT INTO `consume` VALUES (632, 0.8009736649524563, '2022-05-16 01:30:00', 1, 3);
INSERT INTO `consume` VALUES (633, 0.1369530899858814, '2022-05-16 02:00:00', 1, 4);
INSERT INTO `consume` VALUES (634, 0.19872543109878987, '2022-05-16 02:30:00', 1, 5);
INSERT INTO `consume` VALUES (635, 0.3476554418181327, '2022-05-16 03:00:00', 1, 1);
INSERT INTO `consume` VALUES (636, 0.670282217630352, '2022-05-16 03:00:00', 1, 2);
INSERT INTO `consume` VALUES (637, 0.42326173091281455, '2022-05-16 03:00:00', 1, 3);
INSERT INTO `consume` VALUES (638, 0.07709380564920633, '2022-05-16 03:30:00', 1, 4);
INSERT INTO `consume` VALUES (639, 0.03790879248723438, '2022-05-16 04:00:00', 1, 5);
INSERT INTO `consume` VALUES (640, 2.8387670791453345, '2022-05-16 04:30:00', 1, 1);
INSERT INTO `consume` VALUES (641, 1.5918648315316777, '2022-05-16 04:30:00', 1, 2);
INSERT INTO `consume` VALUES (642, 0.9519163875296826, '2022-05-16 04:30:00', 1, 3);
INSERT INTO `consume` VALUES (643, 0.20316116221336303, '2022-05-16 05:00:00', 1, 4);
INSERT INTO `consume` VALUES (644, 0.09235009319403856, '2022-05-16 05:30:00', 1, 5);
INSERT INTO `consume` VALUES (645, 4.675265800109724, '2022-05-16 06:00:00', 1, 1);
INSERT INTO `consume` VALUES (646, 1.5506577461895599, '2022-05-16 06:00:00', 1, 2);
INSERT INTO `consume` VALUES (647, 1.3715134552551551, '2022-05-16 06:00:00', 1, 3);
INSERT INTO `consume` VALUES (648, 0.003985281844081601, '2022-05-16 06:30:00', 1, 4);
INSERT INTO `consume` VALUES (649, 0.2605897042810919, '2022-05-16 07:00:00', 1, 5);
INSERT INTO `consume` VALUES (650, 1.9336790737695886, '2022-05-16 07:30:00', 1, 1);
INSERT INTO `consume` VALUES (651, 1.7069949415456682, '2022-05-16 07:30:00', 1, 2);
INSERT INTO `consume` VALUES (652, 0.6980324792987014, '2022-05-16 07:30:00', 1, 3);
INSERT INTO `consume` VALUES (653, 0.25901585764279733, '2022-05-16 08:00:00', 1, 4);
INSERT INTO `consume` VALUES (654, 0.27130770508032576, '2022-05-16 08:30:00', 1, 5);
INSERT INTO `consume` VALUES (655, 3.2049799680322892, '2022-05-16 09:00:00', 1, 1);
INSERT INTO `consume` VALUES (656, 1.5416222529122088, '2022-05-16 09:00:00', 1, 2);
INSERT INTO `consume` VALUES (657, 1.4255206239591567, '2022-05-16 09:00:00', 1, 3);
INSERT INTO `consume` VALUES (658, 0.08347828889118289, '2022-05-16 09:30:00', 1, 4);
INSERT INTO `consume` VALUES (659, 0.31363511545988665, '2022-05-16 10:00:00', 1, 5);
INSERT INTO `consume` VALUES (660, 1.9771810910423704, '2022-05-16 10:30:00', 1, 1);
INSERT INTO `consume` VALUES (661, 0.021428962319552713, '2022-05-16 10:30:00', 1, 2);
INSERT INTO `consume` VALUES (662, 0.781111607881092, '2022-05-16 10:30:00', 1, 3);
INSERT INTO `consume` VALUES (663, 0.0031065632113329023, '2022-05-16 11:00:00', 1, 4);
INSERT INTO `consume` VALUES (664, 0.28896830731400486, '2022-05-16 11:30:00', 1, 5);
INSERT INTO `consume` VALUES (665, 3.9243910422162687, '2022-05-16 12:00:00', 1, 1);
INSERT INTO `consume` VALUES (666, 1.978519624924726, '2022-05-16 12:00:00', 1, 2);
INSERT INTO `consume` VALUES (667, 0.12092657922303178, '2022-05-16 12:00:00', 1, 3);
INSERT INTO `consume` VALUES (668, 0.24939900337827098, '2022-05-16 12:30:00', 1, 4);
INSERT INTO `consume` VALUES (669, 0.2928508670137639, '2022-05-16 13:00:00', 1, 5);
INSERT INTO `consume` VALUES (670, 0.2388333889676031, '2022-05-16 13:30:00', 1, 1);
INSERT INTO `consume` VALUES (671, 1.4872350807331245, '2022-05-16 13:30:00', 1, 2);
INSERT INTO `consume` VALUES (672, 0.6907990845563188, '2022-05-16 13:30:00', 1, 3);
INSERT INTO `consume` VALUES (673, 0.00745299009254784, '2022-05-16 14:00:00', 1, 4);
INSERT INTO `consume` VALUES (674, 0.2496574066027999, '2022-05-16 14:30:00', 1, 5);
INSERT INTO `consume` VALUES (675, 0.6598302760424907, '2022-05-16 15:00:00', 1, 1);
INSERT INTO `consume` VALUES (676, 0.8624171816172697, '2022-05-16 15:00:00', 1, 2);
INSERT INTO `consume` VALUES (677, 0.5823630201624691, '2022-05-16 15:00:00', 1, 3);
INSERT INTO `consume` VALUES (678, 0.27257706855256614, '2022-05-16 15:30:00', 1, 4);
INSERT INTO `consume` VALUES (679, 0.21365640256272622, '2022-05-16 16:00:00', 1, 5);
INSERT INTO `consume` VALUES (680, 2.758224117682118, '2022-05-16 16:30:00', 1, 1);
INSERT INTO `consume` VALUES (681, 0.7643064725586199, '2022-05-16 16:30:00', 1, 2);
INSERT INTO `consume` VALUES (682, 0.2184313029933058, '2022-05-16 16:30:00', 1, 3);
INSERT INTO `consume` VALUES (683, 0.28033964182981647, '2022-05-16 17:00:00', 1, 4);
INSERT INTO `consume` VALUES (684, 0.2171804111901835, '2022-05-16 17:30:00', 1, 5);
INSERT INTO `consume` VALUES (685, 3.9911468731002175, '2022-05-16 18:00:00', 1, 1);
INSERT INTO `consume` VALUES (686, 0.6363609583842866, '2022-05-16 18:00:00', 1, 2);
INSERT INTO `consume` VALUES (687, 1.3651558758389237, '2022-05-16 18:00:00', 1, 3);
INSERT INTO `consume` VALUES (688, 0.052384904523438504, '2022-05-16 18:30:00', 1, 4);
INSERT INTO `consume` VALUES (689, 0.2776972439468063, '2022-05-16 19:00:00', 1, 5);
INSERT INTO `consume` VALUES (690, 4.613376106293787, '2022-05-16 19:30:00', 1, 1);
INSERT INTO `consume` VALUES (691, 1.4319116275141566, '2022-05-16 19:30:00', 1, 2);
INSERT INTO `consume` VALUES (692, 0.5502469363029536, '2022-05-16 19:30:00', 1, 3);
INSERT INTO `consume` VALUES (693, 0.0634060731676734, '2022-05-16 20:00:00', 1, 4);
INSERT INTO `consume` VALUES (694, 0.08306361999922598, '2022-05-16 20:30:00', 1, 5);
INSERT INTO `consume` VALUES (695, 4.441700608908726, '2022-05-16 21:00:00', 1, 1);
INSERT INTO `consume` VALUES (696, 0.026907334295852348, '2022-05-16 21:00:00', 1, 2);
INSERT INTO `consume` VALUES (697, 1.0306889392987548, '2022-05-16 21:00:00', 1, 3);
INSERT INTO `consume` VALUES (698, 0.12761086390226276, '2022-05-16 21:30:00', 1, 4);
INSERT INTO `consume` VALUES (699, 0.3436396223743956, '2022-05-16 22:00:00', 1, 5);
INSERT INTO `consume` VALUES (700, 1.2274951627691388, '2022-05-16 22:30:00', 1, 1);
INSERT INTO `consume` VALUES (701, 0.25988661113561395, '2022-05-16 22:30:00', 1, 2);
INSERT INTO `consume` VALUES (702, 1.430940054250338, '2022-05-16 22:30:00', 1, 3);
INSERT INTO `consume` VALUES (703, 0.1837438803294809, '2022-05-16 23:00:00', 1, 4);
INSERT INTO `consume` VALUES (704, 0.36297840140394433, '2022-05-16 23:30:00', 1, 5);
INSERT INTO `consume` VALUES (705, 1.2392928068677316, '2022-05-17 00:00:00', 1, 1);
INSERT INTO `consume` VALUES (706, 0.19186160797540452, '2022-05-17 00:00:00', 1, 2);
INSERT INTO `consume` VALUES (707, 0.22850992121503885, '2022-05-17 00:00:00', 1, 3);
INSERT INTO `consume` VALUES (708, 0.06870294984404912, '2022-05-17 00:30:00', 1, 4);
INSERT INTO `consume` VALUES (709, 0.0384767849951174, '2022-05-17 01:00:00', 1, 5);
INSERT INTO `consume` VALUES (710, 0.9360246876608141, '2022-05-17 01:30:00', 1, 1);
INSERT INTO `consume` VALUES (711, 0.15322203897801745, '2022-05-17 01:30:00', 1, 2);
INSERT INTO `consume` VALUES (712, 1.2837466409789653, '2022-05-17 01:30:00', 1, 3);
INSERT INTO `consume` VALUES (713, 0.12768766678756913, '2022-05-17 02:00:00', 1, 4);
INSERT INTO `consume` VALUES (714, 0.1497898849805727, '2022-05-17 02:30:00', 1, 5);
INSERT INTO `consume` VALUES (715, 4.09996447264514, '2022-05-17 03:00:00', 1, 1);
INSERT INTO `consume` VALUES (716, 1.9329237706263085, '2022-05-17 03:00:00', 1, 2);
INSERT INTO `consume` VALUES (717, 0.32687552332713216, '2022-05-17 03:00:00', 1, 3);
INSERT INTO `consume` VALUES (718, 0.05453076593463084, '2022-05-17 03:30:00', 1, 4);
INSERT INTO `consume` VALUES (719, 0.36142472927641656, '2022-05-17 04:00:00', 1, 5);
INSERT INTO `consume` VALUES (720, 1.161079691449634, '2022-05-17 04:30:00', 1, 1);
INSERT INTO `consume` VALUES (721, 0.751725845092845, '2022-05-17 04:30:00', 1, 2);
INSERT INTO `consume` VALUES (722, 1.3474878440287663, '2022-05-17 04:30:00', 1, 3);
INSERT INTO `consume` VALUES (723, 0.19090937769060554, '2022-05-17 05:00:00', 1, 4);
INSERT INTO `consume` VALUES (724, 0.20219787912259002, '2022-05-17 05:30:00', 1, 5);
INSERT INTO `consume` VALUES (725, 4.89823388500933, '2022-05-17 06:00:00', 1, 1);
INSERT INTO `consume` VALUES (726, 1.5403596680545342, '2022-05-17 06:00:00', 1, 2);
INSERT INTO `consume` VALUES (727, 1.6246597894760573, '2022-05-17 06:00:00', 1, 3);
INSERT INTO `consume` VALUES (728, 0.2081435940012929, '2022-05-17 06:30:00', 1, 4);
INSERT INTO `consume` VALUES (729, 0.29132489584240434, '2022-05-17 07:00:00', 1, 5);
INSERT INTO `consume` VALUES (730, 3.1283994988300377, '2022-05-17 07:30:00', 1, 1);
INSERT INTO `consume` VALUES (731, 0.5408386521719746, '2022-05-17 07:30:00', 1, 2);
INSERT INTO `consume` VALUES (732, 0.7328632941566484, '2022-05-17 07:30:00', 1, 3);
INSERT INTO `consume` VALUES (733, 0.19040811148100004, '2022-05-17 08:00:00', 1, 4);
INSERT INTO `consume` VALUES (734, 0.03940671805253193, '2022-05-17 08:30:00', 1, 5);
INSERT INTO `consume` VALUES (735, 3.1421137537000132, '2022-05-17 09:00:00', 1, 1);
INSERT INTO `consume` VALUES (736, 1.219086225314705, '2022-05-17 09:00:00', 1, 2);
INSERT INTO `consume` VALUES (737, 1.2540978011309063, '2022-05-17 09:00:00', 1, 3);
INSERT INTO `consume` VALUES (738, 0.26471857580096886, '2022-05-17 09:30:00', 1, 4);
INSERT INTO `consume` VALUES (739, 0.01391699388743355, '2022-05-17 10:00:00', 1, 5);
INSERT INTO `consume` VALUES (740, 2.727225886531425, '2022-05-17 10:30:00', 1, 1);
INSERT INTO `consume` VALUES (741, 1.5093751558947348, '2022-05-17 10:30:00', 1, 2);
INSERT INTO `consume` VALUES (742, 1.599057121994682, '2022-05-17 10:30:00', 1, 3);
INSERT INTO `consume` VALUES (743, 0.06004205878513878, '2022-05-17 11:00:00', 1, 4);
INSERT INTO `consume` VALUES (744, 0.026312301371928328, '2022-05-17 11:30:00', 1, 5);
INSERT INTO `consume` VALUES (745, 3.5224594514324794, '2022-05-17 12:00:00', 1, 1);
INSERT INTO `consume` VALUES (746, 0.44113652035309125, '2022-05-17 12:00:00', 1, 2);
INSERT INTO `consume` VALUES (747, 0.07401434922327277, '2022-05-17 12:00:00', 1, 3);
INSERT INTO `consume` VALUES (748, 0.21660151367998218, '2022-05-17 12:30:00', 1, 4);
INSERT INTO `consume` VALUES (749, 0.1221631302705136, '2022-05-17 13:00:00', 1, 5);
INSERT INTO `consume` VALUES (750, 2.860880712650256, '2022-05-17 13:30:00', 1, 1);
INSERT INTO `consume` VALUES (751, 0.08003527611846861, '2022-05-17 13:30:00', 1, 2);
INSERT INTO `consume` VALUES (752, 1.3872658748500506, '2022-05-17 13:30:00', 1, 3);
INSERT INTO `consume` VALUES (753, 0.19032508120700403, '2022-05-17 14:00:00', 1, 4);
INSERT INTO `consume` VALUES (754, 0.28322018186917614, '2022-05-17 14:30:00', 1, 5);
INSERT INTO `consume` VALUES (755, 3.6228152136550866, '2022-05-17 15:00:00', 1, 1);
INSERT INTO `consume` VALUES (756, 1.0740552969042918, '2022-05-17 15:00:00', 1, 2);
INSERT INTO `consume` VALUES (757, 1.5009500574804557, '2022-05-17 15:00:00', 1, 3);
INSERT INTO `consume` VALUES (758, 0.19408577073238548, '2022-05-17 15:30:00', 1, 4);
INSERT INTO `consume` VALUES (759, 0.17701006104044043, '2022-05-17 16:00:00', 1, 5);
INSERT INTO `consume` VALUES (760, 2.110779280191455, '2022-05-17 16:30:00', 1, 1);
INSERT INTO `consume` VALUES (761, 0.35030390554742885, '2022-05-17 16:30:00', 1, 2);
INSERT INTO `consume` VALUES (762, 0.24059284046180898, '2022-05-17 16:30:00', 1, 3);
INSERT INTO `consume` VALUES (763, 0.22419423943097663, '2022-05-17 17:00:00', 1, 4);
INSERT INTO `consume` VALUES (764, 0.08324839675054099, '2022-05-17 17:30:00', 1, 5);
INSERT INTO `consume` VALUES (765, 3.0924883999505903, '2022-05-17 18:00:00', 1, 1);
INSERT INTO `consume` VALUES (766, 0.00032259412980395474, '2022-05-17 18:00:00', 1, 2);
INSERT INTO `consume` VALUES (767, 0.2405077343632407, '2022-05-17 18:00:00', 1, 3);
INSERT INTO `consume` VALUES (768, 0.06383354882333743, '2022-05-17 18:30:00', 1, 4);
INSERT INTO `consume` VALUES (769, 0.3948353096996775, '2022-05-17 19:00:00', 1, 5);
INSERT INTO `consume` VALUES (770, 0.2753147411823037, '2022-05-17 19:30:00', 1, 1);
INSERT INTO `consume` VALUES (771, 1.1324163018197215, '2022-05-17 19:30:00', 1, 2);
INSERT INTO `consume` VALUES (772, 0.5010096799482442, '2022-05-17 19:30:00', 1, 3);
INSERT INTO `consume` VALUES (773, 0.17817064730050183, '2022-05-17 20:00:00', 1, 4);
INSERT INTO `consume` VALUES (774, 0.08471298709771671, '2022-05-17 20:30:00', 1, 5);
INSERT INTO `consume` VALUES (775, 1.152321289326161, '2022-05-17 21:00:00', 1, 1);
INSERT INTO `consume` VALUES (776, 1.0776162620255294, '2022-05-17 21:00:00', 1, 2);
INSERT INTO `consume` VALUES (777, 1.1884996636288852, '2022-05-17 21:00:00', 1, 3);
INSERT INTO `consume` VALUES (778, 0.20053573206576422, '2022-05-17 21:30:00', 1, 4);
INSERT INTO `consume` VALUES (779, 0.07985078471447854, '2022-05-17 22:00:00', 1, 5);
INSERT INTO `consume` VALUES (780, 2.024233114760758, '2022-05-17 22:30:00', 1, 1);
INSERT INTO `consume` VALUES (781, 0.29523302690251474, '2022-05-17 22:30:00', 1, 2);
INSERT INTO `consume` VALUES (782, 0.15551902005622595, '2022-05-17 22:30:00', 1, 3);
INSERT INTO `consume` VALUES (783, 0.07854579637094077, '2022-05-17 23:00:00', 1, 4);
INSERT INTO `consume` VALUES (784, 0.09158455759895877, '2022-05-17 23:30:00', 1, 5);
INSERT INTO `consume` VALUES (785, 3.4353311057387885, '2022-05-18 00:00:00', 1, 1);
INSERT INTO `consume` VALUES (786, 1.758052925582809, '2022-05-18 00:00:00', 1, 2);
INSERT INTO `consume` VALUES (787, 1.7619024154754301, '2022-05-18 00:00:00', 1, 3);
INSERT INTO `consume` VALUES (788, 0.20088698595104207, '2022-05-18 00:30:00', 1, 4);
INSERT INTO `consume` VALUES (789, 0.054699992168854066, '2022-05-18 01:00:00', 1, 5);
INSERT INTO `consume` VALUES (790, 4.596184720725892, '2022-05-18 01:30:00', 1, 1);
INSERT INTO `consume` VALUES (791, 0.31822536787702216, '2022-05-18 01:30:00', 1, 2);
INSERT INTO `consume` VALUES (792, 1.54764784905792, '2022-05-18 01:30:00', 1, 3);
INSERT INTO `consume` VALUES (793, 0.2766285483395333, '2022-05-18 02:00:00', 1, 4);
INSERT INTO `consume` VALUES (794, 0.08043040710910893, '2022-05-18 02:30:00', 1, 5);
INSERT INTO `consume` VALUES (795, 1.594529810671803, '2022-05-18 03:00:00', 1, 1);
INSERT INTO `consume` VALUES (796, 0.20720064022983653, '2022-05-18 03:00:00', 1, 2);
INSERT INTO `consume` VALUES (797, 1.299659538670952, '2022-05-18 03:00:00', 1, 3);
INSERT INTO `consume` VALUES (798, 0.07501583036472288, '2022-05-18 03:30:00', 1, 4);
INSERT INTO `consume` VALUES (799, 0.15139761527019924, '2022-05-18 04:00:00', 1, 5);
INSERT INTO `consume` VALUES (800, 4.870075423862211, '2022-05-18 04:30:00', 1, 1);
INSERT INTO `consume` VALUES (801, 0.5046442709456831, '2022-05-18 04:30:00', 1, 2);
INSERT INTO `consume` VALUES (802, 0.6599638809936422, '2022-05-18 04:30:00', 1, 3);
INSERT INTO `consume` VALUES (803, 0.23832089506822324, '2022-05-18 05:00:00', 1, 4);
INSERT INTO `consume` VALUES (804, 0.14625955346511957, '2022-05-18 05:30:00', 1, 5);
INSERT INTO `consume` VALUES (805, 4.334858814240352, '2022-05-18 06:00:00', 1, 1);
INSERT INTO `consume` VALUES (806, 0.21758038666022594, '2022-05-18 06:00:00', 1, 2);
INSERT INTO `consume` VALUES (807, 1.0150926954495414, '2022-05-18 06:00:00', 1, 3);
INSERT INTO `consume` VALUES (808, 0.08038369352574466, '2022-05-18 06:30:00', 1, 4);
INSERT INTO `consume` VALUES (809, 0.17988871251872302, '2022-05-18 07:00:00', 1, 5);
INSERT INTO `consume` VALUES (810, 3.8583016281640656, '2022-05-18 07:30:00', 1, 1);
INSERT INTO `consume` VALUES (811, 0.1099142183077948, '2022-05-18 07:30:00', 1, 2);
INSERT INTO `consume` VALUES (812, 1.3820738078677663, '2022-05-18 07:30:00', 1, 3);
INSERT INTO `consume` VALUES (813, 0.17992733889758558, '2022-05-18 08:00:00', 1, 4);
INSERT INTO `consume` VALUES (814, 0.0027586227802770314, '2022-05-18 08:30:00', 1, 5);
INSERT INTO `consume` VALUES (815, 2.0579941345327244, '2022-05-18 09:00:00', 1, 1);
INSERT INTO `consume` VALUES (816, 0.12977940951845057, '2022-05-18 09:00:00', 1, 2);
INSERT INTO `consume` VALUES (817, 0.7727766903914477, '2022-05-18 09:00:00', 1, 3);
INSERT INTO `consume` VALUES (818, 0.04152234647241469, '2022-05-18 09:30:00', 1, 4);
INSERT INTO `consume` VALUES (819, 0.1463646724041714, '2022-05-18 10:00:00', 1, 5);
INSERT INTO `consume` VALUES (820, 0.4411802753798272, '2022-05-18 10:30:00', 1, 1);
INSERT INTO `consume` VALUES (821, 0.7711836826243503, '2022-05-18 10:30:00', 1, 2);
INSERT INTO `consume` VALUES (822, 0.3207865714503369, '2022-05-18 10:30:00', 1, 3);
INSERT INTO `consume` VALUES (823, 0.1936555086335417, '2022-05-18 11:00:00', 1, 4);
INSERT INTO `consume` VALUES (824, 0.25618476856723504, '2022-05-18 11:30:00', 1, 5);
INSERT INTO `consume` VALUES (825, 1.926106500548912, '2022-05-18 12:00:00', 1, 1);
INSERT INTO `consume` VALUES (826, 0.04663174082879995, '2022-05-18 12:00:00', 1, 2);
INSERT INTO `consume` VALUES (827, 1.456527540432043, '2022-05-18 12:00:00', 1, 3);
INSERT INTO `consume` VALUES (828, 0.2589196949141694, '2022-05-18 12:30:00', 1, 4);
INSERT INTO `consume` VALUES (829, 0.08283011046476513, '2022-05-18 13:00:00', 1, 5);
INSERT INTO `consume` VALUES (830, 4.116768687081398, '2022-05-18 13:30:00', 1, 1);
INSERT INTO `consume` VALUES (831, 0.5298542083419993, '2022-05-18 13:30:00', 1, 2);
INSERT INTO `consume` VALUES (832, 0.3896914455602195, '2022-05-18 13:30:00', 1, 3);
INSERT INTO `consume` VALUES (833, 0.15818320144358206, '2022-05-18 14:00:00', 1, 4);
INSERT INTO `consume` VALUES (834, 0.019558875044011926, '2022-05-18 14:30:00', 1, 5);
INSERT INTO `consume` VALUES (835, 2.14744388693427, '2022-05-18 15:00:00', 1, 1);
INSERT INTO `consume` VALUES (836, 0.1978904575481757, '2022-05-18 15:00:00', 1, 2);
INSERT INTO `consume` VALUES (837, 0.36058906711172395, '2022-05-18 15:00:00', 1, 3);
INSERT INTO `consume` VALUES (838, 0.10843323057747954, '2022-05-18 15:30:00', 1, 4);
INSERT INTO `consume` VALUES (839, 0.18928453342048576, '2022-05-18 16:00:00', 1, 5);
INSERT INTO `consume` VALUES (840, 3.4493143345861355, '2022-05-18 16:30:00', 1, 1);
INSERT INTO `consume` VALUES (841, 0.7821328429087215, '2022-05-18 16:30:00', 1, 2);
INSERT INTO `consume` VALUES (842, 1.779819494700153, '2022-05-18 16:30:00', 1, 3);
INSERT INTO `consume` VALUES (843, 0.25833652898230963, '2022-05-18 17:00:00', 1, 4);
INSERT INTO `consume` VALUES (844, 0.23891855014427688, '2022-05-18 17:30:00', 1, 5);
INSERT INTO `consume` VALUES (845, 4.7224149221048926, '2022-05-18 18:00:00', 1, 1);
INSERT INTO `consume` VALUES (846, 1.8863709684679906, '2022-05-18 18:00:00', 1, 2);
INSERT INTO `consume` VALUES (847, 1.7077539012498655, '2022-05-18 18:00:00', 1, 3);
INSERT INTO `consume` VALUES (848, 0.12378911066575074, '2022-05-18 18:30:00', 1, 4);
INSERT INTO `consume` VALUES (849, 0.377530661501431, '2022-05-18 19:00:00', 1, 5);
INSERT INTO `consume` VALUES (850, 0.42391966712629403, '2022-05-18 19:30:00', 1, 1);
INSERT INTO `consume` VALUES (851, 0.4407777813966314, '2022-05-18 19:30:00', 1, 2);
INSERT INTO `consume` VALUES (852, 0.5974553530782465, '2022-05-18 19:30:00', 1, 3);
INSERT INTO `consume` VALUES (853, 0.22566890470127396, '2022-05-18 20:00:00', 1, 4);
INSERT INTO `consume` VALUES (854, 0.291636551438198, '2022-05-18 20:30:00', 1, 5);
INSERT INTO `consume` VALUES (855, 1.8388834342097211, '2022-05-18 21:00:00', 1, 1);
INSERT INTO `consume` VALUES (856, 1.1798899150709385, '2022-05-18 21:00:00', 1, 2);
INSERT INTO `consume` VALUES (857, 1.7262128787995565, '2022-05-18 21:00:00', 1, 3);
INSERT INTO `consume` VALUES (858, 0.06743028219412317, '2022-05-18 21:30:00', 1, 4);
INSERT INTO `consume` VALUES (859, 0.11956319340156707, '2022-05-18 22:00:00', 1, 5);
INSERT INTO `consume` VALUES (860, 2.856396807649078, '2022-05-18 22:30:00', 1, 1);
INSERT INTO `consume` VALUES (861, 1.118072572274517, '2022-05-18 22:30:00', 1, 2);
INSERT INTO `consume` VALUES (862, 1.2363087669091901, '2022-05-18 22:30:00', 1, 3);
INSERT INTO `consume` VALUES (863, 0.10181376436454749, '2022-05-18 23:00:00', 1, 4);
INSERT INTO `consume` VALUES (864, 0.0448270472514611, '2022-05-18 23:30:00', 1, 5);
INSERT INTO `consume` VALUES (865, 2.8625004140601638, '2022-05-16 00:00:00', 2, 1);
INSERT INTO `consume` VALUES (866, 0.890511778075592, '2022-05-16 00:00:00', 2, 2);
INSERT INTO `consume` VALUES (867, 0.369291699110412, '2022-05-16 00:00:00', 2, 3);
INSERT INTO `consume` VALUES (868, 0.17644941224887292, '2022-05-16 00:30:00', 2, 4);
INSERT INTO `consume` VALUES (869, 0.32778289813236766, '2022-05-16 01:00:00', 2, 5);
INSERT INTO `consume` VALUES (870, 1.2743610069026228, '2022-05-16 01:30:00', 2, 1);
INSERT INTO `consume` VALUES (871, 0.6195107558583794, '2022-05-16 01:30:00', 2, 2);
INSERT INTO `consume` VALUES (872, 0.10252979771395572, '2022-05-16 01:30:00', 2, 3);
INSERT INTO `consume` VALUES (873, 0.09209960102816295, '2022-05-16 02:00:00', 2, 4);
INSERT INTO `consume` VALUES (874, 0.09519301826349946, '2022-05-16 02:30:00', 2, 5);
INSERT INTO `consume` VALUES (875, 2.7323185179371072, '2022-05-16 03:00:00', 2, 1);
INSERT INTO `consume` VALUES (876, 1.6549355741716847, '2022-05-16 03:00:00', 2, 2);
INSERT INTO `consume` VALUES (877, 0.8714665402809665, '2022-05-16 03:00:00', 2, 3);
INSERT INTO `consume` VALUES (878, 0.2919565770121768, '2022-05-16 03:30:00', 2, 4);
INSERT INTO `consume` VALUES (879, 0.1179933308626152, '2022-05-16 04:00:00', 2, 5);
INSERT INTO `consume` VALUES (880, 4.672834600034188, '2022-05-16 04:30:00', 2, 1);
INSERT INTO `consume` VALUES (881, 1.3469889235431713, '2022-05-16 04:30:00', 2, 2);
INSERT INTO `consume` VALUES (882, 0.3421311138263675, '2022-05-16 04:30:00', 2, 3);
INSERT INTO `consume` VALUES (883, 0.22748613992385258, '2022-05-16 05:00:00', 2, 4);
INSERT INTO `consume` VALUES (884, 0.2554344579093828, '2022-05-16 05:30:00', 2, 5);
INSERT INTO `consume` VALUES (885, 1.5684869218315212, '2022-05-16 06:00:00', 2, 1);
INSERT INTO `consume` VALUES (886, 1.46686940760974, '2022-05-16 06:00:00', 2, 2);
INSERT INTO `consume` VALUES (887, 1.5094164796986447, '2022-05-16 06:00:00', 2, 3);
INSERT INTO `consume` VALUES (888, 0.1479610757299262, '2022-05-16 06:30:00', 2, 4);
INSERT INTO `consume` VALUES (889, 0.04499408602189514, '2022-05-16 07:00:00', 2, 5);
INSERT INTO `consume` VALUES (890, 4.955483476220926, '2022-05-16 07:30:00', 2, 1);
INSERT INTO `consume` VALUES (891, 0.8575951202512417, '2022-05-16 07:30:00', 2, 2);
INSERT INTO `consume` VALUES (892, 0.145651829686321, '2022-05-16 07:30:00', 2, 3);
INSERT INTO `consume` VALUES (893, 0.07838995828640581, '2022-05-16 08:00:00', 2, 4);
INSERT INTO `consume` VALUES (894, 0.2438123384726834, '2022-05-16 08:30:00', 2, 5);
INSERT INTO `consume` VALUES (895, 3.7213376719979205, '2022-05-16 09:00:00', 2, 1);
INSERT INTO `consume` VALUES (896, 0.341014621503813, '2022-05-16 09:00:00', 2, 2);
INSERT INTO `consume` VALUES (897, 0.4578174431167146, '2022-05-16 09:00:00', 2, 3);
INSERT INTO `consume` VALUES (898, 0.28191542844219963, '2022-05-16 09:30:00', 2, 4);
INSERT INTO `consume` VALUES (899, 0.29020922982586395, '2022-05-16 10:00:00', 2, 5);
INSERT INTO `consume` VALUES (900, 1.5484831183558412, '2022-05-16 10:30:00', 2, 1);
INSERT INTO `consume` VALUES (901, 1.0552616565019084, '2022-05-16 10:30:00', 2, 2);
INSERT INTO `consume` VALUES (902, 1.4491229784340471, '2022-05-16 10:30:00', 2, 3);
INSERT INTO `consume` VALUES (903, 0.2198414183189773, '2022-05-16 11:00:00', 2, 4);
INSERT INTO `consume` VALUES (904, 0.06251098443768836, '2022-05-16 11:30:00', 2, 5);
INSERT INTO `consume` VALUES (905, 0.43882407947045565, '2022-05-16 12:00:00', 2, 1);
INSERT INTO `consume` VALUES (906, 1.7277850478476302, '2022-05-16 12:00:00', 2, 2);
INSERT INTO `consume` VALUES (907, 1.298982929248161, '2022-05-16 12:00:00', 2, 3);
INSERT INTO `consume` VALUES (908, 0.051669493936721385, '2022-05-16 12:30:00', 2, 4);
INSERT INTO `consume` VALUES (909, 0.21419179935516866, '2022-05-16 13:00:00', 2, 5);
INSERT INTO `consume` VALUES (910, 0.25416174512818357, '2022-05-16 13:30:00', 2, 1);
INSERT INTO `consume` VALUES (911, 1.680865863483824, '2022-05-16 13:30:00', 2, 2);
INSERT INTO `consume` VALUES (912, 1.1842823138389538, '2022-05-16 13:30:00', 2, 3);
INSERT INTO `consume` VALUES (913, 0.12168823117552113, '2022-05-16 14:00:00', 2, 4);
INSERT INTO `consume` VALUES (914, 0.12992678427665968, '2022-05-16 14:30:00', 2, 5);
INSERT INTO `consume` VALUES (915, 4.613088342469981, '2022-05-16 15:00:00', 2, 1);
INSERT INTO `consume` VALUES (916, 0.9746209881418475, '2022-05-16 15:00:00', 2, 2);
INSERT INTO `consume` VALUES (917, 0.9776071195149678, '2022-05-16 15:00:00', 2, 3);
INSERT INTO `consume` VALUES (918, 0.06765916671938779, '2022-05-16 15:30:00', 2, 4);
INSERT INTO `consume` VALUES (919, 0.264154242575157, '2022-05-16 16:00:00', 2, 5);
INSERT INTO `consume` VALUES (920, 1.5992412510206062, '2022-05-16 16:30:00', 2, 1);
INSERT INTO `consume` VALUES (921, 0.6268075901967469, '2022-05-16 16:30:00', 2, 2);
INSERT INTO `consume` VALUES (922, 0.9828691584351675, '2022-05-16 16:30:00', 2, 3);
INSERT INTO `consume` VALUES (923, 0.10215542734471789, '2022-05-16 17:00:00', 2, 4);
INSERT INTO `consume` VALUES (924, 0.20467093303399453, '2022-05-16 17:30:00', 2, 5);
INSERT INTO `consume` VALUES (925, 4.032710063425669, '2022-05-16 18:00:00', 2, 1);
INSERT INTO `consume` VALUES (926, 1.5322665772966606, '2022-05-16 18:00:00', 2, 2);
INSERT INTO `consume` VALUES (927, 1.6196343113679406, '2022-05-16 18:00:00', 2, 3);
INSERT INTO `consume` VALUES (928, 0.12763209462606645, '2022-05-16 18:30:00', 2, 4);
INSERT INTO `consume` VALUES (929, 0.3341185568244296, '2022-05-16 19:00:00', 2, 5);
INSERT INTO `consume` VALUES (930, 3.795637956209172, '2022-05-16 19:30:00', 2, 1);
INSERT INTO `consume` VALUES (931, 1.4284162085415169, '2022-05-16 19:30:00', 2, 2);
INSERT INTO `consume` VALUES (932, 0.6254806086089522, '2022-05-16 19:30:00', 2, 3);
INSERT INTO `consume` VALUES (933, 0.13524023075064678, '2022-05-16 20:00:00', 2, 4);
INSERT INTO `consume` VALUES (934, 0.27369278879807585, '2022-05-16 20:30:00', 2, 5);
INSERT INTO `consume` VALUES (935, 4.87386147994312, '2022-05-16 21:00:00', 2, 1);
INSERT INTO `consume` VALUES (936, 1.5219422508098244, '2022-05-16 21:00:00', 2, 2);
INSERT INTO `consume` VALUES (937, 1.6258396807796827, '2022-05-16 21:00:00', 2, 3);
INSERT INTO `consume` VALUES (938, 0.27219705105943687, '2022-05-16 21:30:00', 2, 4);
INSERT INTO `consume` VALUES (939, 0.28901552605680586, '2022-05-16 22:00:00', 2, 5);
INSERT INTO `consume` VALUES (940, 1.4732889683283201, '2022-05-16 22:30:00', 2, 1);
INSERT INTO `consume` VALUES (941, 0.9209402278321928, '2022-05-16 22:30:00', 2, 2);
INSERT INTO `consume` VALUES (942, 0.4586794085530689, '2022-05-16 22:30:00', 2, 3);
INSERT INTO `consume` VALUES (943, 0.18487895069687277, '2022-05-16 23:00:00', 2, 4);
INSERT INTO `consume` VALUES (944, 0.10796532399301723, '2022-05-16 23:30:00', 2, 5);
INSERT INTO `consume` VALUES (945, 1.3197990288346628, '2022-05-17 00:00:00', 2, 1);
INSERT INTO `consume` VALUES (946, 1.7971115937243995, '2022-05-17 00:00:00', 2, 2);
INSERT INTO `consume` VALUES (947, 0.5193174091655324, '2022-05-17 00:00:00', 2, 3);
INSERT INTO `consume` VALUES (948, 0.12059467795391526, '2022-05-17 00:30:00', 2, 4);
INSERT INTO `consume` VALUES (949, 0.17981096977588812, '2022-05-17 01:00:00', 2, 5);
INSERT INTO `consume` VALUES (950, 3.469576384402195, '2022-05-17 01:30:00', 2, 1);
INSERT INTO `consume` VALUES (951, 1.418799585535174, '2022-05-17 01:30:00', 2, 2);
INSERT INTO `consume` VALUES (952, 1.5782771842916041, '2022-05-17 01:30:00', 2, 3);
INSERT INTO `consume` VALUES (953, 0.026745467823591117, '2022-05-17 02:00:00', 2, 4);
INSERT INTO `consume` VALUES (954, 0.3397002260492971, '2022-05-17 02:30:00', 2, 5);
INSERT INTO `consume` VALUES (955, 1.609763462056673, '2022-05-17 03:00:00', 2, 1);
INSERT INTO `consume` VALUES (956, 1.441960925263629, '2022-05-17 03:00:00', 2, 2);
INSERT INTO `consume` VALUES (957, 0.21730155738193413, '2022-05-17 03:00:00', 2, 3);
INSERT INTO `consume` VALUES (958, 0.11741746620988656, '2022-05-17 03:30:00', 2, 4);
INSERT INTO `consume` VALUES (959, 0.33557634321336877, '2022-05-17 04:00:00', 2, 5);
INSERT INTO `consume` VALUES (960, 0.5479887233731867, '2022-05-17 04:30:00', 2, 1);
INSERT INTO `consume` VALUES (961, 0.6481785522516221, '2022-05-17 04:30:00', 2, 2);
INSERT INTO `consume` VALUES (962, 0.018587193681447345, '2022-05-17 04:30:00', 2, 3);
INSERT INTO `consume` VALUES (963, 0.14952323010625976, '2022-05-17 05:00:00', 2, 4);
INSERT INTO `consume` VALUES (964, 0.006529496645162114, '2022-05-17 05:30:00', 2, 5);
INSERT INTO `consume` VALUES (965, 2.87312698136358, '2022-05-17 06:00:00', 2, 1);
INSERT INTO `consume` VALUES (966, 1.0309807826458846, '2022-05-17 06:00:00', 2, 2);
INSERT INTO `consume` VALUES (967, 0.474290330450284, '2022-05-17 06:00:00', 2, 3);
INSERT INTO `consume` VALUES (968, 0.1197230096216766, '2022-05-17 06:30:00', 2, 4);
INSERT INTO `consume` VALUES (969, 0.023867065146819622, '2022-05-17 07:00:00', 2, 5);
INSERT INTO `consume` VALUES (970, 1.5839271879803736, '2022-05-17 07:30:00', 2, 1);
INSERT INTO `consume` VALUES (971, 1.8437318867566215, '2022-05-17 07:30:00', 2, 2);
INSERT INTO `consume` VALUES (972, 1.6862077817672954, '2022-05-17 07:30:00', 2, 3);
INSERT INTO `consume` VALUES (973, 0.2635475875130496, '2022-05-17 08:00:00', 2, 4);
INSERT INTO `consume` VALUES (974, 0.022141660295767408, '2022-05-17 08:30:00', 2, 5);
INSERT INTO `consume` VALUES (975, 1.4558423213838507, '2022-05-17 09:00:00', 2, 1);
INSERT INTO `consume` VALUES (976, 0.3696145372476414, '2022-05-17 09:00:00', 2, 2);
INSERT INTO `consume` VALUES (977, 0.8336244896746634, '2022-05-17 09:00:00', 2, 3);
INSERT INTO `consume` VALUES (978, 0.22569291076821893, '2022-05-17 09:30:00', 2, 4);
INSERT INTO `consume` VALUES (979, 0.30758964276264844, '2022-05-17 10:00:00', 2, 5);
INSERT INTO `consume` VALUES (980, 4.502929281937083, '2022-05-17 10:30:00', 2, 1);
INSERT INTO `consume` VALUES (981, 1.1102483793030329, '2022-05-17 10:30:00', 2, 2);
INSERT INTO `consume` VALUES (982, 1.1124468025904897, '2022-05-17 10:30:00', 2, 3);
INSERT INTO `consume` VALUES (983, 0.08379079885833961, '2022-05-17 11:00:00', 2, 4);
INSERT INTO `consume` VALUES (984, 0.08238666115475116, '2022-05-17 11:30:00', 2, 5);
INSERT INTO `consume` VALUES (985, 0.26285590170960993, '2022-05-17 12:00:00', 2, 1);
INSERT INTO `consume` VALUES (986, 1.9405248656190353, '2022-05-17 12:00:00', 2, 2);
INSERT INTO `consume` VALUES (987, 0.4724318492260208, '2022-05-17 12:00:00', 2, 3);
INSERT INTO `consume` VALUES (988, 0.05973303145562087, '2022-05-17 12:30:00', 2, 4);
INSERT INTO `consume` VALUES (989, 0.36074432253459965, '2022-05-17 13:00:00', 2, 5);
INSERT INTO `consume` VALUES (990, 2.731548069359173, '2022-05-17 13:30:00', 2, 1);
INSERT INTO `consume` VALUES (991, 1.461890343741313, '2022-05-17 13:30:00', 2, 2);
INSERT INTO `consume` VALUES (992, 1.091331311424678, '2022-05-17 13:30:00', 2, 3);
INSERT INTO `consume` VALUES (993, 0.10514620326293896, '2022-05-17 14:00:00', 2, 4);
INSERT INTO `consume` VALUES (994, 0.34500280009420253, '2022-05-17 14:30:00', 2, 5);
INSERT INTO `consume` VALUES (995, 2.856720725169313, '2022-05-17 15:00:00', 2, 1);
INSERT INTO `consume` VALUES (996, 0.14557627251819327, '2022-05-17 15:00:00', 2, 2);
INSERT INTO `consume` VALUES (997, 0.5397604448675977, '2022-05-17 15:00:00', 2, 3);
INSERT INTO `consume` VALUES (998, 0.05216916239781983, '2022-05-17 15:30:00', 2, 4);
INSERT INTO `consume` VALUES (999, 0.084289261392817, '2022-05-17 16:00:00', 2, 5);
INSERT INTO `consume` VALUES (1000, 3.6598199567119085, '2022-05-17 16:30:00', 2, 1);
INSERT INTO `consume` VALUES (1001, 0.402686519764885, '2022-05-17 16:30:00', 2, 2);
INSERT INTO `consume` VALUES (1002, 0.031403039075404204, '2022-05-17 16:30:00', 2, 3);
INSERT INTO `consume` VALUES (1003, 0.14568378061647555, '2022-05-17 17:00:00', 2, 4);
INSERT INTO `consume` VALUES (1004, 0.30526404690434394, '2022-05-17 17:30:00', 2, 5);
INSERT INTO `consume` VALUES (1005, 4.619372380395645, '2022-05-17 18:00:00', 2, 1);
INSERT INTO `consume` VALUES (1006, 0.5683434049486245, '2022-05-17 18:00:00', 2, 2);
INSERT INTO `consume` VALUES (1007, 0.09498218287153906, '2022-05-17 18:00:00', 2, 3);
INSERT INTO `consume` VALUES (1008, 0.22538437767527808, '2022-05-17 18:30:00', 2, 4);
INSERT INTO `consume` VALUES (1009, 0.11539954037427438, '2022-05-17 19:00:00', 2, 5);
INSERT INTO `consume` VALUES (1010, 1.293442838447837, '2022-05-17 19:30:00', 2, 1);
INSERT INTO `consume` VALUES (1011, 1.9261217806691504, '2022-05-17 19:30:00', 2, 2);
INSERT INTO `consume` VALUES (1012, 1.4309338465314798, '2022-05-17 19:30:00', 2, 3);
INSERT INTO `consume` VALUES (1013, 0.15375931678645105, '2022-05-17 20:00:00', 2, 4);
INSERT INTO `consume` VALUES (1014, 0.035635820007211993, '2022-05-17 20:30:00', 2, 5);
INSERT INTO `consume` VALUES (1015, 0.4167450243606008, '2022-05-17 21:00:00', 2, 1);
INSERT INTO `consume` VALUES (1016, 0.9502858657110247, '2022-05-17 21:00:00', 2, 2);
INSERT INTO `consume` VALUES (1017, 1.1439719400810207, '2022-05-17 21:00:00', 2, 3);
INSERT INTO `consume` VALUES (1018, 0.21172483765380237, '2022-05-17 21:30:00', 2, 4);
INSERT INTO `consume` VALUES (1019, 0.3583573845005512, '2022-05-17 22:00:00', 2, 5);
INSERT INTO `consume` VALUES (1020, 4.960848726786122, '2022-05-17 22:30:00', 2, 1);
INSERT INTO `consume` VALUES (1021, 0.21902472785461846, '2022-05-17 22:30:00', 2, 2);
INSERT INTO `consume` VALUES (1022, 0.5301904259621959, '2022-05-17 22:30:00', 2, 3);
INSERT INTO `consume` VALUES (1023, 0.24926239751958065, '2022-05-17 23:00:00', 2, 4);
INSERT INTO `consume` VALUES (1024, 0.0028537787682856755, '2022-05-17 23:30:00', 2, 5);
INSERT INTO `consume` VALUES (1025, 0.636034183171103, '2022-05-18 00:00:00', 2, 1);
INSERT INTO `consume` VALUES (1026, 0.0963815601396465, '2022-05-18 00:00:00', 2, 2);
INSERT INTO `consume` VALUES (1027, 1.2506036540170937, '2022-05-18 00:00:00', 2, 3);
INSERT INTO `consume` VALUES (1028, 0.2945636398508827, '2022-05-18 00:30:00', 2, 4);
INSERT INTO `consume` VALUES (1029, 0.3742221933252346, '2022-05-18 01:00:00', 2, 5);
INSERT INTO `consume` VALUES (1030, 0.3432954111284542, '2022-05-18 01:30:00', 2, 1);
INSERT INTO `consume` VALUES (1031, 1.8918267086834126, '2022-05-18 01:30:00', 2, 2);
INSERT INTO `consume` VALUES (1032, 0.18394106822397827, '2022-05-18 01:30:00', 2, 3);
INSERT INTO `consume` VALUES (1033, 0.10052126788689532, '2022-05-18 02:00:00', 2, 4);
INSERT INTO `consume` VALUES (1034, 0.3898431392147715, '2022-05-18 02:30:00', 2, 5);
INSERT INTO `consume` VALUES (1035, 2.690042859050884, '2022-05-18 03:00:00', 2, 1);
INSERT INTO `consume` VALUES (1036, 0.37993734649393396, '2022-05-18 03:00:00', 2, 2);
INSERT INTO `consume` VALUES (1037, 1.4428234803380304, '2022-05-18 03:00:00', 2, 3);
INSERT INTO `consume` VALUES (1038, 0.29378676250655594, '2022-05-18 03:30:00', 2, 4);
INSERT INTO `consume` VALUES (1039, 0.32155773491845574, '2022-05-18 04:00:00', 2, 5);
INSERT INTO `consume` VALUES (1040, 1.8135605972934172, '2022-05-18 04:30:00', 2, 1);
INSERT INTO `consume` VALUES (1041, 0.3662330298216687, '2022-05-18 04:30:00', 2, 2);
INSERT INTO `consume` VALUES (1042, 1.70616294542044, '2022-05-18 04:30:00', 2, 3);
INSERT INTO `consume` VALUES (1043, 0.11501940522110135, '2022-05-18 05:00:00', 2, 4);
INSERT INTO `consume` VALUES (1044, 0.2329662237310125, '2022-05-18 05:30:00', 2, 5);
INSERT INTO `consume` VALUES (1045, 3.6148685547214843, '2022-05-18 06:00:00', 2, 1);
INSERT INTO `consume` VALUES (1046, 0.43469804056037886, '2022-05-18 06:00:00', 2, 2);
INSERT INTO `consume` VALUES (1047, 0.9236560304561233, '2022-05-18 06:00:00', 2, 3);
INSERT INTO `consume` VALUES (1048, 0.19532059631517565, '2022-05-18 06:30:00', 2, 4);
INSERT INTO `consume` VALUES (1049, 0.09535352753069884, '2022-05-18 07:00:00', 2, 5);
INSERT INTO `consume` VALUES (1050, 3.8400491430330113, '2022-05-18 07:30:00', 2, 1);
INSERT INTO `consume` VALUES (1051, 0.1812379989259345, '2022-05-18 07:30:00', 2, 2);
INSERT INTO `consume` VALUES (1052, 1.1811328641485166, '2022-05-18 07:30:00', 2, 3);
INSERT INTO `consume` VALUES (1053, 0.1936315368775424, '2022-05-18 08:00:00', 2, 4);
INSERT INTO `consume` VALUES (1054, 0.26886463918648473, '2022-05-18 08:30:00', 2, 5);
INSERT INTO `consume` VALUES (1055, 4.004512427631671, '2022-05-18 09:00:00', 2, 1);
INSERT INTO `consume` VALUES (1056, 0.6947105887035545, '2022-05-18 09:00:00', 2, 2);
INSERT INTO `consume` VALUES (1057, 1.1912915204977887, '2022-05-18 09:00:00', 2, 3);
INSERT INTO `consume` VALUES (1058, 0.18426082404579924, '2022-05-18 09:30:00', 2, 4);
INSERT INTO `consume` VALUES (1059, 0.10063474937035073, '2022-05-18 10:00:00', 2, 5);
INSERT INTO `consume` VALUES (1060, 2.1680097517493184, '2022-05-18 10:30:00', 2, 1);
INSERT INTO `consume` VALUES (1061, 0.8843067361505168, '2022-05-18 10:30:00', 2, 2);
INSERT INTO `consume` VALUES (1062, 1.2156519894155289, '2022-05-18 10:30:00', 2, 3);
INSERT INTO `consume` VALUES (1063, 0.15000412290285062, '2022-05-18 11:00:00', 2, 4);
INSERT INTO `consume` VALUES (1064, 0.13253917356523326, '2022-05-18 11:30:00', 2, 5);
INSERT INTO `consume` VALUES (1065, 0.5227800692333012, '2022-05-18 12:00:00', 2, 1);
INSERT INTO `consume` VALUES (1066, 1.0143676141573015, '2022-05-18 12:00:00', 2, 2);
INSERT INTO `consume` VALUES (1067, 1.0378413495215706, '2022-05-18 12:00:00', 2, 3);
INSERT INTO `consume` VALUES (1068, 0.13923221588589227, '2022-05-18 12:30:00', 2, 4);
INSERT INTO `consume` VALUES (1069, 0.23712434586251951, '2022-05-18 13:00:00', 2, 5);
INSERT INTO `consume` VALUES (1070, 2.3986001237475714, '2022-05-18 13:30:00', 2, 1);
INSERT INTO `consume` VALUES (1071, 1.2177670461342411, '2022-05-18 13:30:00', 2, 2);
INSERT INTO `consume` VALUES (1072, 1.4715726072124802, '2022-05-18 13:30:00', 2, 3);
INSERT INTO `consume` VALUES (1073, 0.025375106821456717, '2022-05-18 14:00:00', 2, 4);
INSERT INTO `consume` VALUES (1074, 0.15342700863274233, '2022-05-18 14:30:00', 2, 5);
INSERT INTO `consume` VALUES (1075, 4.668652867784263, '2022-05-18 15:00:00', 2, 1);
INSERT INTO `consume` VALUES (1076, 0.17460922758732522, '2022-05-18 15:00:00', 2, 2);
INSERT INTO `consume` VALUES (1077, 0.3679955278684793, '2022-05-18 15:00:00', 2, 3);
INSERT INTO `consume` VALUES (1078, 0.2367871009776039, '2022-05-18 15:30:00', 2, 4);
INSERT INTO `consume` VALUES (1079, 0.05896930262335185, '2022-05-18 16:00:00', 2, 5);
INSERT INTO `consume` VALUES (1080, 2.1108851319706057, '2022-05-18 16:30:00', 2, 1);
INSERT INTO `consume` VALUES (1081, 1.2585827022355218, '2022-05-18 16:30:00', 2, 2);
INSERT INTO `consume` VALUES (1082, 0.40219382786862523, '2022-05-18 16:30:00', 2, 3);
INSERT INTO `consume` VALUES (1083, 0.11687264439344186, '2022-05-18 17:00:00', 2, 4);
INSERT INTO `consume` VALUES (1084, 0.18448188849375258, '2022-05-18 17:30:00', 2, 5);
INSERT INTO `consume` VALUES (1085, 1.4213369362114365, '2022-05-18 18:00:00', 2, 1);
INSERT INTO `consume` VALUES (1086, 1.814607759174141, '2022-05-18 18:00:00', 2, 2);
INSERT INTO `consume` VALUES (1087, 0.5068785076456699, '2022-05-18 18:00:00', 2, 3);
INSERT INTO `consume` VALUES (1088, 0.027356050092352657, '2022-05-18 18:30:00', 2, 4);
INSERT INTO `consume` VALUES (1089, 0.08748493973322247, '2022-05-18 19:00:00', 2, 5);
INSERT INTO `consume` VALUES (1090, 4.613244950356607, '2022-05-18 19:30:00', 2, 1);
INSERT INTO `consume` VALUES (1091, 1.696542296802801, '2022-05-18 19:30:00', 2, 2);
INSERT INTO `consume` VALUES (1092, 0.1972356848152383, '2022-05-18 19:30:00', 2, 3);
INSERT INTO `consume` VALUES (1093, 0.12741566632299947, '2022-05-18 20:00:00', 2, 4);
INSERT INTO `consume` VALUES (1094, 0.12727955952936906, '2022-05-18 20:30:00', 2, 5);
INSERT INTO `consume` VALUES (1095, 2.1962749654597853, '2022-05-18 21:00:00', 2, 1);
INSERT INTO `consume` VALUES (1096, 1.535847690380506, '2022-05-18 21:00:00', 2, 2);
INSERT INTO `consume` VALUES (1097, 0.5666830427202958, '2022-05-18 21:00:00', 2, 3);
INSERT INTO `consume` VALUES (1098, 0.2553524414302243, '2022-05-18 21:30:00', 2, 4);
INSERT INTO `consume` VALUES (1099, 0.0548723746739809, '2022-05-18 22:00:00', 2, 5);
INSERT INTO `consume` VALUES (1100, 4.961501216362079, '2022-05-18 22:30:00', 2, 1);
INSERT INTO `consume` VALUES (1101, 0.6215746821419708, '2022-05-18 22:30:00', 2, 2);
INSERT INTO `consume` VALUES (1102, 1.3863649028388199, '2022-05-18 22:30:00', 2, 3);
INSERT INTO `consume` VALUES (1103, 0.11695892139405681, '2022-05-18 23:00:00', 2, 4);
INSERT INTO `consume` VALUES (1104, 0.37184863250942385, '2022-05-18 23:30:00', 2, 5);

-- ----------------------------
-- Table structure for device_state
-- ----------------------------
DROP TABLE IF EXISTS `device_state`;
CREATE TABLE `device_state`  (
  `id` int(0) NOT NULL AUTO_INCREMENT,
  `count` int(0) NULL DEFAULT NULL COMMENT '该状态下的设备数量',
  `area_id` int(0) NULL DEFAULT NULL COMMENT '小区编号',
  `state` int(0) NULL DEFAULT NULL COMMENT '状态id',
  PRIMARY KEY (`id`) USING BTREE
) ENGINE = InnoDB CHARACTER SET = utf8 COLLATE = utf8_general_ci ROW_FORMAT = Dynamic;

-- ----------------------------
-- Records of device_state
-- ----------------------------
INSERT INTO `device_state` VALUES (1, 20, 1, 0);
INSERT INTO `device_state` VALUES (2, 30, 1, 1);
INSERT INTO `device_state` VALUES (3, 51, 1, 2);
INSERT INTO `device_state` VALUES (4, 60, 1, 3);

-- ----------------------------
-- Table structure for order
-- ----------------------------
DROP TABLE IF EXISTS `order`;
CREATE TABLE `order`  (
  `id` int(0) NOT NULL AUTO_INCREMENT,
  `count_no_finished` int(0) NULL DEFAULT NULL COMMENT '未完成工单数量',
  `count_finished` int(0) NULL DEFAULT NULL COMMENT '已完成工单数量',
  `type` int(0) NULL DEFAULT NULL COMMENT '1维修工单 2巡检工单 3冲洗工单',
  `area_id` int(0) NULL DEFAULT NULL COMMENT '区域id',
  PRIMARY KEY (`id`) USING BTREE
) ENGINE = InnoDB CHARACTER SET = utf8 COLLATE = utf8_general_ci ROW_FORMAT = Dynamic;

-- ----------------------------
-- Records of order
-- ----------------------------
INSERT INTO `order` VALUES (1, 18, 10, 1, 1);
INSERT INTO `order` VALUES (2, 30, 15, 2, 1);
INSERT INTO `order` VALUES (3, 10, 17, 3, 1);
INSERT INTO `order` VALUES (7, 43, 21, 1, 2);
INSERT INTO `order` VALUES (8, 34, 23, 2, 2);
INSERT INTO `order` VALUES (9, 53, 12, 3, 2);

SET FOREIGN_KEY_CHECKS = 1;
